-- phpMyAdmin SQL Dump
-- version 5.0.4
-- https://www.phpmyadmin.net/
--
-- 主機： localhost
-- 產生時間： 2021 年 06 月 25 日 17:55
-- 伺服器版本： 10.4.17-MariaDB
-- PHP 版本： 8.0.2

SET SQL_MODE = "NO_AUTO_VALUE_ON_ZERO";
START TRANSACTION;
SET time_zone = "+00:00";


/*!40101 SET @OLD_CHARACTER_SET_CLIENT=@@CHARACTER_SET_CLIENT */;
/*!40101 SET @OLD_CHARACTER_SET_RESULTS=@@CHARACTER_SET_RESULTS */;
/*!40101 SET @OLD_COLLATION_CONNECTION=@@COLLATION_CONNECTION */;
/*!40101 SET NAMES utf8mb4 */;

--
-- 資料庫： `readcycle`
--
DROP DATABASE  IF EXISTS readcycle;
CREATE DATABASE IF NOT EXISTS `readcycle` DEFAULT CHARACTER SET utf8mb4 COLLATE utf8mb4_unicode_ci;
USE `readcycle`;
-- --------------------------------------------------------

--
-- 資料表結構 `book`
--

CREATE TABLE `book` (
  `ISBN` varchar(13) COLLATE utf8mb4_unicode_ci NOT NULL,
  `book_title` varchar(100) COLLATE utf8mb4_unicode_ci NOT NULL,
  `author` varchar(50) COLLATE utf8mb4_unicode_ci NOT NULL,
  `version` int(3) DEFAULT NULL,
  `publishing_house` varchar(50) COLLATE utf8mb4_unicode_ci NOT NULL,
  `publication_date` datetime NOT NULL DEFAULT current_timestamp(),
  `book_update_date` datetime NOT NULL DEFAULT current_timestamp()
) ENGINE=InnoDB DEFAULT CHARSET=utf8mb4 COLLATE=utf8mb4_unicode_ci;

--
-- 傾印資料表的資料 `book`
--

INSERT INTO `book` (`ISBN`, `book_title`, `author`, `version`, `publishing_house`, `publication_date`, `book_update_date`) VALUES
('9573080001', '採購管理', '王忠宗', '2', '日正企管顧問股份有限公司', '2018-06-01 00:00:00', '2019-01-02 15:58:01'),
('9573080060', '採購Q&A', '王忠宗', '1', '日正企管顧問股份有限公司', '2004-12-01 00:00:00', '2019-01-02 15:58:00'),
('9576095840', '現代管理數學', '張保隆', '2', '華泰文化事業股份有限公司', '2005-05-01 00:00:00', '2019-04-26 16:02:00'),
('9780007423743', 'English Usage (Collins Cobuild) ', ' HarperCollins UK ', '3', 'Collins COBUILD', '2012-01-01 00:00:00', '2020-05-05 17:02:01'),
('9780060786847', 'HarperCollins Study Bible - Student Edition: Fully Revised & Updated', ' Society of Biblical Literature (Author), Harold W. Attridge  (Editor), Wayne A. Meeks (Editor)', 'nan', 'HarperOne', '2006-08-22 00:00:00', '2021-05-09 18:02:00'),
('9780071310710', 'Calculus For Business, Economics And The Social And Life Sciences, Brief Version', 'nan', 'nan', 'McGraw-Hill', '2013-01-01 00:00:00', '2020-03-04 17:00:00'),
('9780077595111', 'Mosaic Level 1 Reading Student Book', ' Brenda Wegmann (Author), Miki Knezevic (Author)', '6', 'McGraw-Hill', '2014-01-01 00:00:00', '2020-03-02 17:00:01'),
('9780077595128', 'Mosaic Level 2 Reading Student Book', ' Brenda Wegmann (Author), Miki Knezevic (Author)', '6', 'McGraw-Hill', '2014-01-01 00:00:00', '2020-03-02 17:00:02'),
('9780132861694', 'Speech Communication Made Simple 2', ' Dale, Paulette/ Wolf, James C.', '4', 'Pearson Education ESL', '2012-01-01 00:00:00', '2020-05-05 17:02:02'),
('9780393913002', 'The Norton Anthology of English Literature (Ninth Edition) (Vol. Package 1: Volumes A, B, C)', 'M. H. Abrams  (Author), Stephen Greenblatt (Editor), Carol T. Christ (Editor), Alfred David Ph.D. (Editor), Barbara K. Lewalski Ph.D. (Editor), Lawrence Lipking Ph.D. (Editor), George M. Logan Ph.D. (Editor), Deidre Shauna Lynch (Editor), Katharine Eisaman Maus (Editor), James Noggle Ph.D. (Editor), Jahan Ramazani Ph.D. (Editor), Catherine Robson Ph.D. (Editor), James Simpson Ph.D. (Editor), Jon Stallworthy (Editor), Jack Stillinger Ph.D. (Editor)', '9', 'W. W. Norton & Company', '2012-01-01 00:00:00', '2020-05-05 17:02:00'),
('9780393913392', 'The Norton Introduction to Literature (Shorter Eleventh Edition) ', 'Kelly J. Mays', '11', 'W. W. Norton & Company', '1994-11-01 00:00:00', '2021-05-09 18:02:01'),
('9780393933642', 'The Norton Anthology of Western Literature, Vol. 1 ', 'Martin Puchner  (Editor), Suzanne Conklin Akbari (Editor), Wiebke Denecke  (Editor), Barbara Fuchs  (Editor), Caroline Levine (Editor), Pericles Lewis (Editor), Emily Wilson (Editor)', '9', 'W. W. Norton & Company', '2014-01-01 00:00:00', '2021-05-09 18:02:02'),
('9781107495395', "Final Draft Level 2 Student's Book", ' Jill Bauer (Author), Mike S. Boyle (Author), Sara Stapleton (Author), Jeanne Lambert (Consultant Editor)', '1', 'Cambridge University Press', '2016-01-01 00:00:00', '2020-03-02 17:00:00'),
('9781111822637', 'Management: The New Workplace', 'Daft, Richard L., Marcic, Dorothy', '8', 'SOUTH-WESTERN', '2013-01-01 00:00:00', '2021-05-11 18:02:00'),
('9781259254154', 'Auditing and Assurance Services', 'Timothy J. Louwers,Allen D. Blay,David H. Sinason,Jerry R. Strawser,Jay C. Thibodeau', '7', 'McGraw Hill Education', '2018-01-01 00:00:00', '2019-12-14 16:09:00'),
('9781292161556', 'Statistics (Global Edition)', 'James McClave / Terry Sincich', '13', 'Pearson Education', '2018-01-01 00:00:00', '2021-05-16 18:02:00'),
('9781292211541', "Horngren's Cost Accounting: A Managerial Emphasis, Global Edition", 'Srikant M. Datar, Madhav V. Rajan  ', '16', 'Pearson Education', '2017-05-01 00:00:00', '2019-12-21 16:09:00'),
('9781305502338', 'Strategic Management: Theory(Original)', 'Charles W. L Hill,Melissa A. Schilling,Gareth R. Jones', '12', 'Cengage Learning', '2017-01-01 00:00:00', '2019-11-02 16:08:00'),
('9781305579972', 'Reading for Today 2: Insights', 'Smith, Lorraine C./ Mare, Nancy Nici', '1', '新加坡商聖智學習亞洲私人有限公司台灣分公司', '2016-01-01 00:00:00', '2020-05-17 17:02:00'),
('9781338740264', 'Smile', 'Raina Telgemeier', 'nan', 'Graphix', '2010-01-01 00:00:00', '2020-05-12 17:02:00'),
('9789570318961', '基礎・日語語法', '林錦川', 2, '文笙書局股份有限公司', '2018-10-01 00:00:00', '2021-05-13 18:02:02'),
('9789571469096', '國際貿易實務新論(修訂十七版)', '張錦源;康蕙芬', '17', '三民書局', '2020-09-18 00:00:00', '2021-03-04 18:00:00'),
('9789574310791', '物流管理實務', '廖建榮', '1', '廖建榮', '2014-01-01 00:00:00', '2019-09-13 16:06:00'),
('9789574839063', '經濟學', '陳正亮、謝振環', '5', '臺灣東華書局股份有限公司', '2018-08-01 00:00:00', '2020-05-17 17:02:01'),
('9789576097690', '作業研究', '廖慶榮', '2', '華泰文化事業股份有限公司', '2009-06-01 00:00:00', '2019-05-24 16:03:01'),
('9789576099908', '現代管理學', 'Stephen P. Robbins, David A. DeCenzo, Mary Coulter', '9', '華泰文化事業股份有限公司', '2016-01-01 00:00:00', '2019-05-24 16:03:00'),
('9789578653665', '進学する人のための日本語初級改訂版(第1課～第12課)：語彙リスト改訂版(第1課～第12課)', '日本学生支援機構　東京日本語教育センター', '1', '大新書局', '2018-10-01 00:00:00', '2021-05-13 18:02:06'),
('9789578653672', '進学する人のための日本語初級改訂版(第13課～第22課)：語彙リスト改訂版(第13課～第22課)', '日本学生支援機構　東京日本語教育センター', '1', '大新書局', '2020-03-01 00:00:00', '2021-05-13 18:02:05'),
('9789862557914', '商事法：公司法、票據法 ', '潘秀菊、劉承愚、蔡淑娟、陳龍昇', '10', '元照出版有限公司', '2016-09-01 00:00:00', '2019-09-20 16:06:00'),
('9789863123422', '新觀念 PHP7+MySQL+AJAX 網頁設計範例教本', '陳會安', '5', '旗標科技股份有限公司', '2016-04-18 00:00:00', '2021-03-01 18:00:00'),
('9789863210566', '文化初級日本語 I　テキスト　改訂版（第10課～第18課）', '文化外国語専門学校　日本語科', '1', '大新書局', '2014-07-01 00:00:00', '2021-05-13 18:02:08'),
('9789863211365', '中級へ行こう　日本語の文型と表現55　第2版', '平井悅子・三輪さち子', '1', '大新書局', '2020-06-01 00:00:00', '2021-05-13 18:02:03'),
('9789863410225', '供應鏈設計與管理：全新臺灣案例版', 'David Simchi-Levi, Philip Kaminsky, Edith Simchi-Levi', '2', '美商麥格羅希爾國際股份有限公司臺灣分公司', '2016-01-01 00:00:00', '2019-10-18 16:07:02'),
('9789865501532', 'Python最強入門：邁向頂尖高手之路：王者歸來', '洪錦魁', '2', '深智數位股份有限公司', '2020-10-01 00:00:00', '2021-05-16 18:02:01'),
('9789865522032', '財務報表分析 ', '杜榮瑞、薛富井、蔡彥卿、劉啟群', '2', '臺灣東華書局股份有限公司', '2020-07-01 00:00:00', '2021-02-23 18:00:00'),
('9789865647292', '中級會計學(IFRS版)', 'Donald E. Kieso, Jerry J. Weygandt, Terry D. Warfield原著;王韶濱譯 ', '1', '滄海圖書資訊股份有限公司', '2015-11-01 00:00:00', '2019-10-11 16:07:00'),
('9789865761394', '會計資訊系統：Cloud.IFRS.Big Data ', '柯瓊鳳、陳專塗', '8', '新陸書局股份有限公司', '2015-03-01 00:00:00', '2019-07-08 16:04:00'),
('9789865774684', '行銷管理：理論解析與實務應用', '曾光華', '7', '前程文化事業股份有限公司', '2017-02-01 00:00:00', '2019-10-18 16:07:00'),
('9789866085529', '國際貿易原理與政策', '林炳文、林佳蓉', '2', '指南書局有限公司', '2018-08-01 00:00:00', '2019-10-18 16:07:01'),
('9789866132605', '聞いて覚える話し方　日本語生中継・初中級編1', 'ボイクマン総子・宮谷敦美・小室リー郁子', '1', '大新書局', '2019-09-15 00:00:00', '2021-05-14 16:07:01'),
('9789866132964', '文化初級日本語 I　テキスト　改訂版（第1課～第9課）', '文化外国語専門学校　日本語科', '1', '大新書局', '2014-04-01 00:00:00', '2021-05-13 18:02:07'),
('9789866333927', 'e化會計學', '馬君梅等', '2', '新陸書局股份有限公司', '2003-02-01 00:00:00', '2019-07-03 16:04:00'),
('9789866438806', '中級日本語 改訂版I', '三浦昭・マグロイソ花崗直美', 1, '大新書局', '2019-11-01 00:00:00', '2021-05-13 18:02:01'),
('9789866882630', '中級を学ぼう　日本語の文型と表現56　中級前期', '平井悅子・三輪さち子', '1', '大新書局', '2020-09-01 00:00:00', '2021-05-13 18:02:00'),
('9789867473912', '高等會計學新論【上冊】', '林蕙真、劉嘉雯', '8', '証業出版股份有限公司', '2018-09-01 00:00:00', '2019-12-08 16:09:00'),
('9789867473936', '高等會計學新論【下冊】', '林蕙真、劉嘉雯', '8', '証業出版股份有限公司', '2019-03-01 00:00:00', '2019-12-08 16:09:01'),
('9789867918321', '楽しく聞こうI', '文化外国語専門学校日本語科', '1', '大新書局', '2019-09-01 00:00:00', '2021-05-13 18:02:04'),
('9789869290340', '現代人力資源管理', 'Gary Dessier', '14', '華泰文化事業股份有限公司', '2017-01-01 00:00:00', '2021-05-16 18:02:02'),
('9789869686808', '稅務法規：理論與應用', '楊葉承、宋秀玲', '10', '新陸書局股份有限公司', '2018-10-01 00:00:00', '2019-09-17 16:06:00');



-- --------------------------------------------------------

--
-- 資料表結構 `book_function`
--

CREATE TABLE `book_function` (
  `function_id` varchar(11) COLLATE utf8mb4_unicode_ci NOT NULL,
  `ISBN` varchar(13) COLLATE utf8mb4_unicode_ci NOT NULL,
  `member_id` varchar(8) COLLATE utf8mb4_unicode_ci NOT NULL,
  `situation` varchar(20) COLLATE utf8mb4_unicode_ci NOT NULL DEFAULT '未審核',
  `pub_price` int(4) NOT NULL,
  `book_condition` varchar(20) COLLATE utf8mb4_unicode_ci NOT NULL,
  `class` varchar(20) COLLATE utf8mb4_unicode_ci DEFAULT NULL,
  `pic1` varchar(20) COLLATE utf8mb4_unicode_ci NOT NULL,
  `pic2` varchar(20) COLLATE utf8mb4_unicode_ci NOT NULL,
  `description` text COLLATE utf8mb4_unicode_ci DEFAULT NULL,
  `function` varchar(20) COLLATE utf8mb4_unicode_ci NOT NULL,
  `pub_create_date` datetime NOT NULL,
  `pub_update_date` datetime NOT NULL DEFAULT current_timestamp()
) ENGINE=InnoDB DEFAULT CHARSET=utf8mb4 COLLATE=utf8mb4_unicode_ci;

--
-- 傾印資料表的資料 `book_function`
--

INSERT INTO `book_function` (`function_id`, `ISBN`, `member_id`, `situation`, `pub_price`, `book_condition`, `class`, `pic1`, `pic2`, `description`, `function`, `pub_create_date`, `pub_update_date`) VALUES
('20190112001', '9573080060', '05135255', '近全新', '300', '已審核已成交', '企管系', 'BA_1_1.jpg', 'BA_1_2.jpg', '面交：手機-0963123456\n備註：採購管理期中期末相關的問答參考', '刊登', '2019-01-12 19:01:01', '2019-01-12 19:03:02'),
('20190112002', '9573080001', '05135255', '良好', '400', '已審核未成交', '企管系', 'BA_2_1.jpg', 'BA_2_2.jpg', '面交：手機-0963123456\n備註：採購管理必要用書，書內有諸多筆記，保存完整且良好。', '刊登', '2019-01-12 19:01:02', '2019-01-12 19:01:02'),
('20190506001', '9576095840', '05135255', '普通', '450', '已審核已成交', '企管系', 'BA_3_1.jpg', 'BA_3_2.jpg', '面交：手機-0963123456\n備註：管理數學必修，書內有諸多筆記，部分內頁浸水皺褶。', '刊登', '2019-05-06 19:05:01', '2019-05-06 19:07:02'),
('20190603001', '9789576099908', '05135255', '普通', '420', '已審核已成交', '企管系', 'BA_4_1.jpg', 'BA_4_2.jpg', '面交：手機-0963123456\n備註：管理學必修，書內有諸多筆記，部分內頁浸水皺褶。', '刊登', '2019-06-03 19:06:01', '2019-06-03 19:06:01'),
('20190603002', '9789576097690', '05135255', '良好', '500', '已審核未成交', '企管系', 'BA_5_1.jpg', 'BA_5_2.jpg', '面交：手機-0963123456\n備註：作業研究必修，書內有諸多筆記，保存完整且良好。', '刊登', '2019-06-03 19:06:02', '2019-06-03 19:08:03'),
('20190713001', '9789866333927', '05135255', '良好', '450', '已審核已成交', '會計系', 'AC_1_1.jpg', 'AC_1_2.jpg', '面交：手機-0963123456\n備註：會計套裝軟體必修，書內有諸多筆記。', '刊登', '2019-07-13 19:07:01', '2019-07-13 19:07:01'),
('20190718001', '9789865761394', '05135255', '良好', '550', '已審核已成交', '會計系', 'AC_2_1.jpg', 'AC_2_2.jpg', '面交：手機-0963123456\n備註：會計資訊系統必修，書內有諸多筆記，內外觀整體保持完整。', '刊登', '2019-07-18 19:07:01', '2019-07-18 19:09:02'),
('20190923001', '9789574310791', '05135255', '近全新', '450', '已審核已成交', '企管系', 'BA_6_1.jpg', 'BA_6_2.jpg', '面交：手機-0963123456\n備註：物流管理課本，倘若購買可以附贈上課用講義。', '刊登', '2019-09-23 19:09:01', '2019-09-23 19:09:01'),
('20190927001', '9789869686808', '05135255', '良好', '400', '已審核未成交', '會計系', 'AC_3_1.jpg', 'AC_3_2.jpg', '面交：手機-0963123456\n備註：稅務法規法必修，書內有諸多筆記，內外觀整體保持完整。', '刊登', '2019-09-27 19:09:01', '2019-09-27 19:11:02'),
('20190930001', '9789862557914', '05135255', '良好', '350', '已審核未成交', '會計系', 'AC_4_1.jpg', 'AC_4_2.jpg', '面交：手機-0963123456\n備註：商事法必修，書內有諸多筆記，內外觀整體保持完整。', '刊登', '2019-09-30 19:09:01', '2019-09-30 19:09:01'),
('20191021001', '9789865647292', '05135255', '良好', '670', '已審核未成交', '會計系', 'AC_5_1.jpg', 'AC_5_2.jpg', '面交：手機-0963123456\n備註：中會必修中譯版，書內有些微筆記及些微黃漬。', '刊登', '2019-10-21 19:10:01', '2019-10-21 19:12:02'),
('20191028001', '9789865774684', '05135255', '普通', '430', '已審核未成交', '企管系', 'BA_7_1.jpg', 'BA_7_2.jpg', '面交：手機-0963123456\n備註：行銷管理必修，書內有諸多筆記，部分內頁浸水皺褶。', '刊登', '2019-10-28 19:10:01', '2019-10-28 19:10:01'),
('20191028002', '9789866085529', '05135255', '良好', '450', '已審核未成交', '企管系', 'BA_8_1.jpg', 'BA_8_2.jpg', '面交：手機-0963123456\n備註：國貿原理輔助課本，課本有些微畫記', '刊登', '2019-10-28 19:10:02', '2019-10-28 19:12:03'),
('20191028003', '9789863410225', '05135255', '良好', '400', '已審核未成交', '企管系', 'BA_9_1.jpg', 'BA_9_2.jpg', '面交：手機-0963123456\n備註：供應鏈管理課本，內有部分筆記，整體保存良好', '刊登', '2019-10-28 19:10:03', '2019-10-28 19:10:03'),
('20191112001', '9781305502338', '05135255', '近全新', '1000', '已審核未成交', '企管系', 'BA_10_1.jpg', 'BA_10_2.jpg', '面交：手機-0963123456\n備註：策略管理課本，無任何劃記及毀損，倘若購買可以附贈上課用講義。', '刊登', '2019-11-12 19:11:01', '2019-11-12 19:13:02'),
('20191218001', '9789867473912', '05135255', '良好', '550', '已審核未成交', '會計系', 'AC_6_1.jpg', 'AC_6_2.jpg', '面交：手機-0963123456\n備註：高會必修上冊，書內有大量筆記，內外觀保持整體完整。', '刊登', '2019-12-18 19:12:01', '2019-12-18 19:12:01'),
('20191218002', '9789867473936', '05135255', '良好', '600', '已審核未成交', '會計系', 'AC_7_1.jpg', 'AC_7_2.jpg', '面交：手機-0963123456\n備註：高會必修下冊，書內有大量筆記，內外觀保持整體完整。', '刊登', '2019-12-18 19:12:02', '2019-12-18 19:14:03'),
('20191224001', '9781259254154', '05135255', '良好', '830', '已審核未成交', '會計系', 'AC_8_1.jpg', 'AC_8_2.jpg', '面交：手機-0963123456\n備註：審計學必修，書內有大量筆記。', '刊登', '2019-12-24 19:12:01', '2019-12-24 19:12:01'),
('20191231001', '9781292211541', '05135255', '良好', '900', '已審核未成交', '會計系', 'AC_9_1.jpg', 'AC_9_2.jpg', '面交：手機-0963123456\n備註：成會必修，書內有大量筆記，內容觀保持整體完整。', '刊登', '2019-12-31 19:12:01', '2019-12-31 19:14:02'),
('20200112001', '9780071310710', '07153104', '差強人意', '200', '已審核已成交', '巨資系', 'BDM_4_1.jpg', 'BDM_4_2.jpg', '面交：手機-0912345678\n備註：巨資系必修-微積分，書內有大量筆記，書本保持完整。', '刊登', '2020-01-12 20:01:01', '2020-01-12 20:01:01'),
('20200112002', '9789869290340', '07153104', '近全新', '900', '已審核未成交', '企管系', 'BA_12_1.jpg', 'BA_12_2.jpg', '面交：手機-0912345678\n備註：企管系必修-人力資源管理，書內無任何劃記及毀損，僅少數翻閱痕跡。', '刊登', '2020-01-12 20:01:02', '2020-01-12 20:03:03'),
('20200312001', '9781107495395', '06121107', '良好', '200', '已審核未成交', '英文系', 'ELL_7_1.jpg', 'ELL_7_2.jpg', '面交：手機-0912499756\n備註：英文系必修-英文寫作，書內有大量筆記，內容外觀保持整體完整。', '刊登', '2020-03-12 20:03:01', '2020-03-12 20:05:02'),
('20200312002', '9780077595111', '06121107', '差強人意', '150', '已審核已成交', '英文系', 'ELL_8_1.jpg', 'ELL_8_2.jpg', '面交：手機-0912499756\n備註：英文系必修-英文閱讀(一)，書內有大量筆記，內容保持整體完整、有摺痕及破損。', '刊登', '2020-03-12 20:03:02', '2020-03-12 20:03:02'),
('20200312003', '9780077595128', '06121107', '差強人意', '150', '已審核已成交', '英文系', 'ELL_9_1.jpg', 'ELL_9_2.jpg', '面交：手機-0912499756\n備註：英文系必修-英文閱讀(二)，書內有大量筆記，內容保持整體完整、有摺痕及破損。', '刊登', '2020-03-12 20:03:03', '2020-03-12 20:05:04'),
('20200314001', '9780071310710', '07153104', '差強人意', '200', '已審核已成交', '企管系', 'BA_13_1.jpg', 'BA_13_2.jpg', '面交：手機-0912345678\n備註：企管系必修-商用微積分，書內有大量筆記，書本保持完整。', '刊登', '2020-03-14 20:03:01', '2020-03-14 20:05:02'),
('20200515001', '9780393913002', '06121107', '差強人意', '450', '已審核未成交', '英文系', 'ELL_4_1.jpg', 'ELL_4_2.jpg', '面交：手機-0912499756\n備註：英文系必選修-浪漫前英國文學史，書內有大量筆記，內容保持整體完整、有摺痕及破損。', '徵求', '2020-05-15 20:05:01', '2020-05-15 20:05:01'),
('20200515002', '9780007423743', '06121107', '良好', '450', '已審核已成交', '英文系', 'ELL_5_1.jpg', 'ELL_5_2.jpg', '面交：手機-0912499756\n備註：英文系必修-中英翻譯與習作，書內有大量筆記，內容外觀保持整體完整。', '刊登', '2020-05-15 20:05:02', '2020-05-15 20:07:03'),
('20200515003', '9780132861694', '06121107', '差強人意', '100', '已審核未成交', '英文系', 'ELL_6_1.jpg', 'ELL_6_2.jpg', '面交：手機-0912499756\n備註：英文系必修-英與會話，書內有大量筆記，內容保持整體完整、有摺痕及破損。', '刊登', '2020-05-15 20:05:03', '2020-05-15 20:05:03'),
('20200522001', '9781338740264', '06121107', '近全新', '500', '已審核未成交', '英文系', 'ELL_10_1.jpg', 'ELL_10_2.jpg', '面交：手機-0912499756\n備註：英文系選修-現代兒童文學，內容保持整體完整。', '刊登', '2020-05-22 20:05:01', '2020-05-22 20:05:01'),
('20200527001', '9781305579972', '07153104', '良好', '700', '已審核未成交', '企管系', 'BA_17_1.jpg', 'BA_17_2.jpg', '面交：手機-0912345678\n備註：大一初級英文，書內有些微筆記，書本保持完整。', '徵求', '2020-05-27 20:05:01', '2020-05-27 20:07:02'),
('20200527002', '9789574839063', '07153104', '近全新', '400', '已審核已成交', '企管系', 'BA_16_1.jpg', 'BA_16_2.jpg', '面交：手機-0912345678\n備註：企管系必修-經濟學導論，書內有些微筆記，書本保持完整。', '刊登', '2020-05-27 20:05:02', '2020-05-27 20:05:02'),
('20210305001', '9789865522032', '05135255', '良好', '480', '未審核', '會計系', 'AC_10_1.jpg', 'AC_10_2.jpg', '面交：手機-0963123456\n備註：會計專題必修，書內有些微筆記，內容觀保持整體完整。', '徵求', '2021-03-05 21:03:01', '2021-03-05 21:03:01'),
('20210311001', '9789863123422', '07153104', '近全新', '900', '已審核未成交', '巨資系', 'BDM_3_1.jpg', 'BDM_4_2.jpg', '面交：手機-0912345678\n備註：巨資系必修-網頁程式設計，無任何劃記及毀損，書本保持完整。', '刊登', '2021-03-11 21:03:01', '2021-03-11 21:03:01'),
('20210314001', '9789571469096', '07153104', '近全新', '400', '未審核', '企管系', 'BA_14_1.jpg', 'BA_14_2.jpg', '面交：手機-0912345678\n備註：企管系必修-國際貿易實務，書內有些微筆記，書本保持完整。', '刊登', '2021-03-14 21:03:01', '2021-03-14 21:03:01'),
('20210519001', '9780060786847', '06121107', '良好', '500', '已審核已成交', '英文系', 'ELL_1_1.jpg', 'ELL_1_2.jpg', '面交：手機-0912499756\n備註：英文系選修-聖經文學，書內有大量筆記，內容外觀保持整體完整。', '刊登', '2021-05-19 21:05:01', '2021-05-19 21:07:02'),
('20210519002', '9780393913392', '06121107', '差強人意', '300', '未審核', '英文系', 'ELL_2_1.jpg', 'ELL_2_2.jpg', '面交：手機-0912499756\n備註：英文系必修-英美文學作品導讀，書內有大量筆記，內容保持整體完整、有摺痕及破損。', '刊登', '2021-05-19 21:05:02', '2021-05-19 21:05:02'),
('20210519003', '9780393933642', '06121107', '良好', '500', '未審核', '英文系', 'ELL_3_1.jpg', 'ELL_3_2.jpg', '面交：手機-0912499756\n備註：英文系必修-西洋概論，書內有大量筆記，內容保持整體完整、稍有摺痕。', '徵求', '2021-05-19 21:05:03', '2021-05-19 21:07:04'),
('20210521001', '9781111822637', '07153104', '近全新', '300', '已審核已成交', '企管系', 'BA_15_1.jpg', 'BA_15_2.jpg', '面交：手機-0912345678\n備註：企管系必修-管理學，書內無任何劃記及毀損，僅少數翻閱痕跡。', '刊登', '2021-05-21 21:05:01', '2021-05-21 21:07:02'),
('20210523001', '9789866882630', '08122240', '良好', '350', '已審核已成交', '日文系', 'JLL_1_1.jpg', 'JLL_1_2.jpg', '面交：手機-0953010190\n備註：日文系必修-中級日語，書內有大量筆記，書本保持完整。', '刊登', '2021-05-23 21:05:01', '2021-05-23 21:07:02'),
('20210523002', '9789866438806', '08122240', '良好', '350', '已審核已成交', '日文系', 'JLL_2_1.jpg', 'JLL_2_2.jpg', '面交：手機-0953010190\n備註：日文系必修-日語會話（二），書內有少量筆記，書本保持完整。書名', '刊登', '2021-05-23 21:05:02', '2021-05-23 21:05:02'),
('20210523003', '9789570318961', '08122240', '近全新', '400', '已審核已成交', '日文系', 'JLL_3_1.jpg', 'JLL_3_2.jpg', '面交：手機-0953010190\n備註：日文系必修-日語語法，書內有些微筆記，書本保持完整。', '刊登', '2021-05-23 21:05:03', '2021-05-23 21:07:04'),
('20210523004', '9789863211365', '08122240', '良好', '350', '已審核未成交', '日文系', 'JLL_4_1.jpg', 'JLL_4_2.jpg', '面交：手機-0953010190\n備註：日文系必修-中級日語，書內有大量筆記，書本保持完整。', '刊登', '2021-05-23 21:05:04', '2021-05-23 21:05:04'),
('20210523005', '9789867918321', '08122240', '良好', '300', '已審核已成交', '日文系', 'JLL_5_1.jpg', 'JLL_5_2.jpg', '面交：手機-0953010190\n備註：日文系必修-日語聽力訓練（一），書內有大量筆記，書本保持完整。', '刊登', '2021-05-23 21:05:05', '2021-05-23 21:07:06'),
('20210523006', '9789578653672', '08122240', '良好', '350', '未審核', '日文系', 'JLL_6_1.jpg', 'JLL_6_2.jpg', '面交：手機-0953010190\n備註：日文系必修-初級日語，書內有少量筆記，書本保持完整。', '徵求', '2021-05-23 21:05:06', '2021-05-23 21:05:06'),
('20210523007', '9789578653665', '08122240', '良好', '350', '已審核未成交', '日文系', 'JLL_7_1.jpg', 'JLL_7_2.jpg', '面交：手機-0953010190\n備註：日文系必修-初級日語，書內有少量筆記，書本保持完整。', '刊登', '2021-05-23 21:05:07', '2021-05-23 21:07:08'),
('20210523008', '9789866132964', '08122240', '近全新', '350', '未審核', '日文系', 'JLL_8_1.jpg', 'JLL_8_2.jpg', '面交：手機-0953010190\n備註：日文系必修-日語會話（一），書內有些微筆記，書本保持完整。', '刊登', '2021-05-23 21:05:08', '2021-05-23 21:05:08'),
('20210523009', '9789863210566', '08122240', '近全新', '350', '已審核未成交', '日文系', 'JLL_9_1.jpg', 'JLL_9_2.jpg', '面交：手機-0953010190\n備註：日文系必修-日語會話（一），書內有些微筆記，書本保持完整。', '徵求', '2021-05-23 21:05:09', '2021-05-23 21:07:10'),
('20210526001', '9781292161556', '07170181', '近全新', '900', '已審核已成交', '巨資系', 'BDM_1_1.jpg', 'BDM_1_2.jpg', '面交：手機-0983197971\n備註：巨資系必修-機率與統計，書內無任何劃記及毀損，僅少數翻閱痕跡。', '刊登', '2021-05-26 21:05:01', '2021-05-26 21:05:01'),
('20210526002', '9789865501532', '07170181', '近全新', '700', '已審核未成交', '巨資系', 'BDM_2_1.jpg', 'BDM_2_2.jpg', '面交：手機-0983197971\n備註：巨資系必修-程式設計，書內無任何劃記及毀損，僅少數翻閱痕跡。', '刊登', '2021-05-26 21:05:02', '2021-05-26 21:07:03'),
('20210526003', '9789869290340', '07170181', '近全新', '600', '已審核已成交', '企管系', 'BA_11_1.jpg', 'BA_11_2.jpg', '面交：手機-0983197971\n備註：企管系必修-人力資源管理，書內無任何劃記及毀損，僅少數翻閱痕跡。', '刊登', '2021-05-26 21:05:03', '2021-05-26 21:05:03');

-- --------------------------------------------------------

--
-- 資料表結構 `cart`
--

CREATE TABLE `cart` (
  `cart_id` varchar(9) COLLATE utf8mb4_unicode_ci NOT NULL,
  `member_id` varchar(8) COLLATE utf8mb4_unicode_ci NOT NULL
) ENGINE=InnoDB DEFAULT CHARSET=utf8mb4 COLLATE=utf8mb4_unicode_ci;

--
-- 傾印資料表的資料 `cart`
--

INSERT INTO `cart` (`cart_id`, `member_id`) VALUES
('C05153255', '05153255'),
('C06121107', '06121107'),
('C07153104', '07153104'),
('C07170181', '07170181'),
('C08122240', '08122240');

-- --------------------------------------------------------

--
-- 資料表結構 `cart_d`
--

CREATE TABLE `cart_d` (
  `cart_d_id` varchar(11) COLLATE utf8mb4_unicode_ci NOT NULL,
  `cart_id` varchar(9) COLLATE utf8mb4_unicode_ci NOT NULL,
  `function_id` varchar(11) COLLATE utf8mb4_unicode_ci NOT NULL,
  `cart_quantity` int(2) NOT NULL,
  `cart_price` int(10) NOT NULL,
  `cart_condition` varchar(10) COLLATE utf8mb4_unicode_ci NOT NULL,
  `cart_date` timestamp NOT NULL DEFAULT current_timestamp()
) ENGINE=InnoDB DEFAULT CHARSET=utf8mb4 COLLATE=utf8mb4_unicode_ci;

--
-- 傾印資料表的資料 `cart_d` 已結帳:15筆/26筆
--

INSERT INTO `cart_d` (`cart_d_id`, `cart_id`, `function_id`, `cart_quantity`, `cart_price`, `cart_condition`, `cart_date`) VALUES
('C0515325501', 'C05153255', '20190112001', 1, 300, '已結帳', '2019-01-19 23:45:30'),
('C0515325502', 'C05153255', '20190112002', 1, 400, '未結帳', '2019-01-20 22:35:30'),
('C0515325503', 'C05153255', '20190506001', 1, 450, '已結帳', '2019-05-13 21:15:30'),
('C0515325504', 'C05153255', '20190603001', 1, 420, '已結帳', '2019-06-10 20:41:30'),
('C0515325505', 'C05153255', '20190603002', 1, 500, '未結帳', '2019-06-11 21:48:30'),
('C0515325506', 'C05153255', '20190713001', 1, 450, '已結帳', '2019-07-20 23:45:30'),
('C0515325507', 'C05153255', '20190718001', 1, 550, '已結帳', '2019-07-25 13:25:30'),
('C0515325508', 'C05153255', '20190923001', 1, 450, '已結帳', '2019-10-01 08:05:30'),
('C0612110701', 'C06121107', '20200312001', 1, 200, '未結帳', '2020-03-19 12:35:30'),
('C0612110702', 'C06121107', '20200312002', 1, 150, '已結帳', '2020-03-20 22:26:30'),
('C0612110703', 'C06121107', '20200312003', 1, 150, '已結帳', '2020-03-21 15:35:30'),
('C0612110704', 'C06121107', '20200515002', 1, 450, '已結帳', '2020-05-22 23:15:30'),
('C0612110705', 'C06121107', '20210519001', 1, 500, '已結帳', '2021-05-26 11:05:30'),
('C0715310401', 'C07153104', '20200112001', 1, 200, '已結帳', '2020-01-19 21:25:30'),
('C0715310402', 'C07153104', '20200314001', 1, 200, '已結帳', '2020-03-21 09:02:30'),
('C0715310403', 'C07153104', '20200527002', 1, 400, '已結帳', '2020-06-01 15:55:30'),
('C0715310404', 'C07153104', '20210311001', 1, 900, '未結帳', '2021-03-15 11:12:30'),
('C0715310405', 'C07153104', '20210521001', 1, 300, '已結帳', '2021-05-25 03:19:30'),
('C0717018101', 'C07170181', '20210526001', 1, 900, '已結帳', '2021-06-10 21:56:30'),
('C0717018102', 'C07170181', '20210526002', 1, 700, '未結帳', '2021-06-15 07:32:30'),
('C0717018103', 'C07170181', '20210526003', 1, 600, '已結帳', '2021-06-20 10:11:30'),
('C0812224001', 'C08122240', '20210523001', 1, 350, '已結帳', '2021-05-30 22:48:30'),
('C0812224002', 'C08122240', '20210523002', 1, 350, '已結帳', '2021-06-01 14:25:30'),
('C0812224003', 'C08122240', '20210523003', 1, 400, '已結帳', '2021-06-08 06:42:30'),
('C0812224004', 'C08122240', '20210523004', 1, 350, '未結帳', '2021-06-14 22:18:30'),
('C0812224005', 'C08122240', '20210523005', 1, 300, '已結帳', '2021-06-19 11:34:30');

-- --------------------------------------------------------

--
-- 資料表結構 `member`
--

CREATE TABLE `member` (
  `member_id` varchar(8) COLLATE utf8mb4_unicode_ci NOT NULL,
  `name` varchar(20) COLLATE utf8mb4_unicode_ci NOT NULL,
  `depart` varchar(20) COLLATE utf8mb4_unicode_ci NOT NULL,
  `sex` varchar(1) COLLATE utf8mb4_unicode_ci NOT NULL,
  `password` varchar(255) COLLATE utf8mb4_unicode_ci NOT NULL,
  `email` varchar(255) COLLATE utf8mb4_unicode_ci NOT NULL,
  `phone_num` varchar(10) NOT NULL,
  `level` int(3) NOT NULL DEFAULT 1,
  `create_date` timestamp NOT NULL DEFAULT current_timestamp(),
  `update_date` timestamp NOT NULL DEFAULT current_timestamp()
) ENGINE=InnoDB DEFAULT CHARSET=utf8mb4 COLLATE=utf8mb4_unicode_ci;

--
-- 傾印資料表的資料 `member`
--

INSERT INTO `member` (`member_id`, `name`, `depart`, `sex`, `password`, `email`, `phone_num`, `level`, `create_date`, `update_date`) VALUES
('05153255', '洪鈺姍', '企管系', '1', 'p05153255', '05153255@scu.edu.tw', '0963677001', 0, '2021-06-20 20:51:41', '2021-06-20 20:51:41'),
('06121107', '陳叔孟', '英文系', '1', 'p06121107', '06121107@scu.edu.tw', '0912345678', 0, '2021-06-22 20:51:41', '2021-06-22 20:51:41'),
('07153104', '黃凱琳', '中文系', '1', 'p07153104', '07153104@gm.scu.edu.tw', '0977561234', 0, '2021-06-25 15:30:37', '2021-06-25 15:30:37'),
('07170181', '柳映萱', '巨資系', '1', 'p07170181', '07170181@scu.edu.tw', '0956789012', 0, '2021-06-21 20:51:41', '2021-06-21 20:51:41'),
('08122240', '林盈秀', '日文系', '1', 'p08122240', '08122240@scu.edu.tw', '0908765432', 0, '2021-06-23 20:51:41', '2021-06-23 20:51:41');

-- --------------------------------------------------------

--
-- 資料表結構 `order_m` 
--

CREATE TABLE `order_m` (
  `order_id` varchar(11) COLLATE utf8mb4_unicode_ci NOT NULL,
  `member_id` varchar(8) COLLATE utf8mb4_unicode_ci NOT NULL,
  `order_date` timestamp NOT NULL DEFAULT current_timestamp()
) ENGINE=InnoDB DEFAULT CHARSET=utf8mb4 COLLATE=utf8mb4_unicode_ci;

--
-- 傾印資料表的資料 `order_m` 15筆
--

INSERT INTO `order_m` (`order_id`, `member_id`, `order_date`) VALUES
('20190125001', '05153255', '2019-01-25 22:35:30'),
('20190731001', '05153255', '2019-07-31 13:25:30'),
('20190731002', '05153255', '2019-07-31 20:41:30'),
('20191023001', '05153255', '2019-10-23 08:05:30'),
('20200325001', '06121107', '2020-03-25 22:26:30'),
('20200530001', '06121107', '2020-05-30 23:15:30'),
('20210617001', '06121107', '2021-06-17 11:05:30'),
('20200130001', '07153104', '2020-01-30 21:25:30'),
('20210608001', '08122240', '2021-06-08 14:25:30'),
('20210608002', '07153104', '2021-06-08 15:55:30'),
('20210620001', '07153104', '2021-06-20 03:19:30'),
('20210620002', '07170181', '2021-06-20 07:32:30'),
('20210620003', '08122240', '2021-06-20 11:34:30'),
('20210625001', '07170181', '2021-06-25 10:11:30'),
('20210612001', '08122240', '2021-06-12 06:42:30');

-- --------------------------------------------------------

--
-- 資料表結構 `order_d` 
--

CREATE TABLE `order_d` (
  `order_d_id` varchar(13) COLLATE utf8mb4_unicode_ci NOT NULL,
  `order_id` varchar(11) COLLATE utf8mb4_unicode_ci NOT NULL,
  `function_id` varchar(11) COLLATE utf8mb4_unicode_ci NOT NULL,
  `order_quantity` int(3) NOT NULL,
  `order_price` int(10) NOT NULL,
  `order_condition` varchar(20) COLLATE utf8mb4_unicode_ci NOT NULL
) ENGINE=InnoDB DEFAULT CHARSET=utf8mb4 COLLATE=utf8mb4_unicode_ci;

--
-- 傾印資料表的資料 `order_d` 20筆
--

INSERT INTO `order_d` (`order_d_id`, `order_id`, `function_id`, `order_quantity`, `order_price`, `order_condition`) VALUES
('2019012500101', '20190125001', '20190112001', 1, 300, '訂單成立'),
('2019073100101', '20190731001', '20190713001', 1, 450, '訂單成立'),
('2019073100201', '20190731002', '20190718001', 1, 550, '訂單成立'),
('2019102300101', '20191023001', '20190923001', 1, 450, '訂單成立'),
('2019102300102', '20191023001', '20190506001', 1, 450, '訂單成立'),
('2019102300103', '20191023001', '20190603001', 1, 420, '訂單成立'),
('2020032500101', '20200325001', '20200312002', 1, 150, '訂單成立'),
('2020053000101', '20200530001', '20200312003', 1, 150, '訂單成立'),
('2020053000102', '20200530001', '20200515002', 1, 450, '訂單成立'),
('2021061700101', '20210617001', '20210519001', 1, 500, '訂單成立'),
('2020013000101', '20200130001', '20200112001', 1, 200, '訂單成立'),
('2021060800201', '20210608002', '20200527002', 1, 400, '訂單成立'),
('2021062000101', '20210620001', '20200314001', 1, 200, '訂單成立'),
('2021062000102', '20210620001', '20210521001', 1, 300, '訂單成立'),
('2021062000201', '20210620002', '20210526001', 1, 900, '訂單成立'),
('2021062500101', '20210625001', '20210526003', 1, 600, '訂單成立'),
('2021060800101', '20210608001', '20210523001', 1, 350, '訂單成立'),
('2021062000301', '20210620003', '20210523002', 1, 350, '訂單成立'),
('2021062000302', '20210620003', '20210523003', 1, 400, '訂單成立'),
('2021061200101', '20210612001', '20210523005', 1, 300, '訂單成立');

-- --------------------------------------------------------

--
-- 已傾印資料表的索引
--

--
-- 資料表索引 `book`
--
ALTER TABLE `book`
  ADD PRIMARY KEY (`ISBN`);

--
-- 資料表索引 `book_function`
--
ALTER TABLE `book_function`
  ADD PRIMARY KEY (`function_id`),
  ADD KEY `ISBN` (`ISBN`),
  ADD KEY `member_id` (`member_id`);

--
-- 資料表索引 `cart`
--
ALTER TABLE `cart`
  ADD PRIMARY KEY (`cart_id`),
  ADD KEY `member_id` (`member_id`);

--
-- 資料表索引 `cart_d`
--
ALTER TABLE `cart_d`
  ADD PRIMARY KEY (`cart_d_id`),
  ADD KEY `cart_id` (`cart_id`),
  ADD KEY `function_id` (`function_id`);

--
-- 資料表索引 `member`
--
ALTER TABLE `member`
  ADD PRIMARY KEY (`member_id`);

--
-- 資料表索引 `order_m`
--
ALTER TABLE `order_m`
  ADD PRIMARY KEY (`order_id`),
  ADD KEY `member_id` (`member_id`);


--
-- 資料表索引 `order_d`
--
ALTER TABLE `order_d`
  ADD PRIMARY KEY (`order_d_id`),
  ADD KEY `order_id` (`order_id`),
  ADD KEY `function_id` (`function_id`);
-- 已傾印資料表的限制式
--

-- --
-- -- 資料表的限制式 `book_function`
-- --
-- ALTER TABLE `book_function`
--   ADD CONSTRAINT `book_function_ibfk_1` FOREIGN KEY (`ISBN`) REFERENCES `book` (`ISBN`) ON UPDATE CASCADE,
--   ADD CONSTRAINT `book_function_ibfk_2` FOREIGN KEY (`member_id`) REFERENCES `member` (`member_id`) ON DELETE CASCADE ON UPDATE CASCADE;

-- --
-- -- 資料表的限制式 `cart`
-- --
-- ALTER TABLE `cart`
--   ADD CONSTRAINT `cart_ibfk_1` FOREIGN KEY (`member_id`) REFERENCES `member` (`member_id`) ON DELETE CASCADE;

-- --
-- -- 資料表的限制式 `cart_d`
-- --
-- ALTER TABLE `cart_d`
--   ADD CONSTRAINT `cart_d_ibfk_1` FOREIGN KEY (`cart_id`) REFERENCES `cart` (`cart_id`) ON DELETE CASCADE,
--   ADD CONSTRAINT `cart_d_ibfk_2` FOREIGN KEY (`function_id`) REFERENCES `book_function` (`function_id`) ON DELETE CASCADE;

-- --
-- -- 資料表的限制式 `order_d`
-- --
-- ALTER TABLE `order_d`
--   ADD CONSTRAINT `order_d_ibfk_1` FOREIGN KEY (`order_id`) REFERENCES `order_m` (`order_id`) ON DELETE CASCADE,
--   ADD CONSTRAINT `order_d_ibfk_2` FOREIGN KEY (`function_id`) REFERENCES `book_function` (`function_id`) ON DELETE CASCADE;

-- --
-- -- 資料表的限制式 `order_m`
-- --
-- ALTER TABLE `order_m`
--   ADD CONSTRAINT `order_m_ibfk_1` FOREIGN KEY (`member_id`) REFERENCES `member` (`member_id`) ON DELETE CASCADE;
-- COMMIT;

/*!40101 SET CHARACTER_SET_CLIENT=@OLD_CHARACTER_SET_CLIENT */;
/*!40101 SET CHARACTER_SET_RESULTS=@OLD_CHARACTER_SET_RESULTS */;
/*!40101 SET COLLATION_CONNECTION=@OLD_COLLATION_CONNECTION */;
